------- INSERTS PERSON

insert into PERSON (VORNAME, NACHNAME, GEBURTSDATUM)
values ('Berk', 'Salman', to_date('01.01.1995','DD.MM.YYYY'));
insert into PERSON (VORNAME, NACHNAME, GEBURTSDATUM)
values ('Dominik', 'Nittmann', to_date('10.01.1990','DD.MM.YYYY'));
insert into PERSON (VORNAME, NACHNAME, GEBURTSDATUM)
values ('Maximilian', 'Rotter', to_date('09.08.1997','DD.MM.YYYY'));
insert into PERSON (VORNAME, NACHNAME, GEBURTSDATUM)
values ('Anton', 'Schmidt', to_date('27.08.1998','DD.MM.YYYY'));
insert into PERSON (VORNAME, NACHNAME, GEBURTSDATUM)
values ('Harald', 'Wahl', to_date('01.01.1970','DD.MM.YYYY'));
insert into PERSON (VORNAME, NACHNAME, GEBURTSDATUM)
values ('Martin', 'Docsek', to_date('01.01.1980','DD.MM.YYYY'));
insert into PERSON (VORNAME, NACHNAME, GEBURTSDATUM)
values ('Felix', 'Mödritscher', to_date('01.01.1975','DD.MM.YYYY'));
insert into PERSON (VORNAME, NACHNAME, GEBURTSDATUM)
values ('Sonja', 'Nagl', to_date('01.01.1990','DD.MM.YYYY'));
insert into PERSON (VORNAME, NACHNAME, GEBURTSDATUM)
values ('Alexander', 'Mense', to_date('14.12.1969','DD.MM.YYYY'));
insert into PERSON (VORNAME, NACHNAME, GEBURTSDATUM)
values ('Helmut', 'Gollner', to_date('01.01.1970','DD.MM.YYYY'));
insert into PERSON (VORNAME, NACHNAME, GEBURTSDATUM)
values ('Filip', 'Zivkovic', to_date('21.08.1997','DD.MM.YYYY'));
insert into PERSON (VORNAME, NACHNAME, GEBURTSDATUM)
values ('Cristoph', 'Redl', to_date('01.01.1987','DD.MM.YYYY'));
insert into PERSON (VORNAME, NACHNAME, GEBURTSDATUM)
values ('Susanne', 'Mraz', to_date('01.01.1920','DD.MM.YYYY'));
insert into PERSON (VORNAME, NACHNAME, GEBURTSDATUM)
values ('Razaq', 'Anifowoshe', to_date('01.01.1980','DD.MM.YYYY'));
insert into PERSON (VORNAME, NACHNAME, GEBURTSDATUM)
values ('Markus', 'Petz', to_date('01.01.1984','DD.MM.YYYY'));
insert into PERSON (VORNAME, NACHNAME, GEBURTSDATUM)
values ('Emil', 'Simeonov', to_date('01.01.1975','DD.MM.YYYY'));
insert into PERSON (VORNAME, NACHNAME, GEBURTSDATUM)
values ('Daniela', 'Wallner', to_date('01.01.1983','DD.MM.YYYY'));
insert into PERSON (VORNAME, NACHNAME, GEBURTSDATUM)
values ('Sven', 'Schweiger', to_date('01.01.1970','DD.MM.YYYY'));
insert into PERSON (VORNAME, NACHNAME, GEBURTSDATUM)
values ('Michael', 'Zaczek', to_date('01.01.1970','DD.MM.YYYY'));
insert into PERSON (VORNAME, NACHNAME, GEBURTSDATUM)
values ('Alexander', 'Nimmervoll', to_date('01.01.1976','DD.MM.YYYY'));

-------- INSERT PERSONENRANG

INSERT INTO PERSONENRANG (FK_PERSON_ID, RANG) 
	VALUES (1,1);
INSERT INTO PERSONENRANG (FK_PERSON_ID, RANG) 
	VALUES (2,1);
INSERT INTO PERSONENRANG (FK_PERSON_ID, RANG) 
	VALUES (3,1);
INSERT INTO PERSONENRANG (FK_PERSON_ID, RANG) 
	VALUES (4,1);
INSERT INTO PERSONENRANG (FK_PERSON_ID, RANG) 
	VALUES (5,2);
INSERT INTO PERSONENRANG (FK_PERSON_ID, RANG) 
	VALUES (6,4);
INSERT INTO PERSONENRANG (FK_PERSON_ID, RANG) 
	VALUES (7,2);
INSERT INTO PERSONENRANG (FK_PERSON_ID, RANG) 
	VALUES (8,3);
INSERT INTO PERSONENRANG (FK_PERSON_ID, RANG) 
	VALUES (9,2);
INSERT INTO PERSONENRANG (FK_PERSON_ID, RANG) 
	VALUES (10,2);
INSERT INTO PERSONENRANG (FK_PERSON_ID, RANG) 
	VALUES (11,2);
INSERT INTO PERSONENRANG (FK_PERSON_ID, RANG) 
	VALUES (12,2);
INSERT INTO PERSONENRANG (FK_PERSON_ID, RANG) 
	VALUES (13,2);
INSERT INTO PERSONENRANG (FK_PERSON_ID, RANG) 
	VALUES (14,2);
INSERT INTO PERSONENRANG (FK_PERSON_ID, RANG) 
	VALUES (15,2);
INSERT INTO PERSONENRANG (FK_PERSON_ID, RANG) 
	VALUES (16,2);
INSERT INTO PERSONENRANG (FK_PERSON_ID, RANG) 
	VALUES (17,2);
INSERT INTO PERSONENRANG (FK_PERSON_ID, RANG) 
	VALUES (18,2);
INSERT INTO PERSONENRANG (FK_PERSON_ID, RANG) 
	VALUES (19,2);
INSERT INTO PERSONENRANG (FK_PERSON_ID, RANG) 
	VALUES (20,2);
	

------- INSERTS PERSONAL

insert into PERSONAL  (FK_PERSON_ID, USERNAME, PASSWORD, GEHALTSKLASSE)
values ('5', 'if00a001', '1234', 'BIGCASH');
insert into PERSONAL  (FK_PERSON_ID, USERNAME, PASSWORD, GEHALTSKLASSE)
values ('6', 'if00a002', '1234', 'NORMALCASH');
insert into PERSONAL  (FK_PERSON_ID, USERNAME, PASSWORD, GEHALTSKLASSE)
values ('7', 'if00a003', '1234', 'NORMALCASH');
insert into PERSONAL  (FK_PERSON_ID, USERNAME, PASSWORD, GEHALTSKLASSE)
values ('8', 'if00a004', '1234', 'SMOLCASH');
insert into PERSONAL  (FK_PERSON_ID, USERNAME, PASSWORD, GEHALTSKLASSE)
values ('9', 'if00a005', '1234', 'DOLLARDOLLARBILLSYALL');
insert into PERSONAL  (FK_PERSON_ID, USERNAME, PASSWORD, GEHALTSKLASSE)
values ('10', 'if00a006', '1234', 'BIGCASH');
insert into PERSONAL  (FK_PERSON_ID, USERNAME, PASSWORD, GEHALTSKLASSE)
values ('12', 'if00a007', '1234', 'NORMALCASH');
insert into PERSONAL  (FK_PERSON_ID, USERNAME, PASSWORD, GEHALTSKLASSE)
values ('13', 'if00a008', '1234', 'NORMALCASH');
insert into PERSONAL  (FK_PERSON_ID, USERNAME, PASSWORD, GEHALTSKLASSE)
values ('14', 'if00a009', '1234', 'NORMALCASH');
insert into PERSONAL  (FK_PERSON_ID, USERNAME, PASSWORD, GEHALTSKLASSE)
values ('15', 'if00a010', '1234', 'NORMALCASH');
insert into PERSONAL  (FK_PERSON_ID, USERNAME, PASSWORD, GEHALTSKLASSE)
values ('16', 'if00a011', '1234', 'NORMALCASH');
insert into PERSONAL  (FK_PERSON_ID, USERNAME, PASSWORD, GEHALTSKLASSE)
values ('17', 'if00a012', '1234', 'NORMALCASH');
insert into PERSONAL  (FK_PERSON_ID, USERNAME, PASSWORD, GEHALTSKLASSE)
values ('18', 'if00a013', '1234', 'NORMALCASH');
insert into PERSONAL  (FK_PERSON_ID, USERNAME, PASSWORD, GEHALTSKLASSE)
values ('19', 'if00a014', '1234', 'NORMALCASH');
insert into PERSONAL  (FK_PERSON_ID, USERNAME, PASSWORD, GEHALTSKLASSE)
values ('20', 'if00a015', '1234', 'NORMALCASH');


------- INSERTS STUDIENGANG

insert into STUDIENGANG	(BEZEICHNUNG, JAHRGANG, FK_PERSONAL_ID)
values ('BIF-3', '2018/19', '1');
insert into STUDIENGANG (BEZEICHNUNG, JAHRGANG, FK_PERSONAL_ID)
values ('BWI-5', '2017/18','6');

--------------- INSERTS LVA

INSERT INTO LVA (FK_STUDIENGANG_ID, TITEL)
VALUES ('1', 'AI');
INSERT INTO LVA (FK_STUDIENGANG_ID, TITEL)
VALUES ('1', 'AIT');
INSERT INTO LVA (FK_STUDIENGANG_ID, TITEL)
VALUES ('1', 'DAS');
INSERT INTO LVA (FK_STUDIENGANG_ID, TITEL)
VALUES ('1', 'DBS');
INSERT INTO LVA (FK_STUDIENGANG_ID, TITEL)
VALUES ('1', 'ETS');
INSERT INTO LVA (FK_STUDIENGANG_ID, TITEL)
VALUES ('1', 'INN1');
INSERT INTO LVA (FK_STUDIENGANG_ID, TITEL)
VALUES ('1', 'KFMG');
INSERT INTO LVA (FK_STUDIENGANG_ID, TITEL)
VALUES ('1', 'MAT3');
INSERT INTO LVA (FK_STUDIENGANG_ID, TITEL)
VALUES ('1', 'MOSY');
INSERT INTO LVA (FK_STUDIENGANG_ID, TITEL)
VALUES ('1', 'PJM2');
INSERT INTO LVA (FK_STUDIENGANG_ID, TITEL)
VALUES ('1', 'SWE');
INSERT INTO LVA (FK_STUDIENGANG_ID, TITEL)
VALUES ('1', 'VSYS');
INSERT INTO LVA (FK_STUDIENGANG_ID, TITEL)
VALUES ('2', 'ITS');
INSERT INTO LVA (FK_STUDIENGANG_ID, TITEL)
VALUES ('2', 'MAR');
INSERT INTO LVA (FK_STUDIENGANG_ID, TITEL)
VALUES ('2', 'FST');

------- INSERTS STUDENT

insert into STUDENT (FK_PERSON_ID, USERNAME, PASSWORD, FK_STUDIENGANG_ID)
values ('1', 'if18b189', '1234', '1');
insert into STUDENT (FK_PERSON_ID, USERNAME, PASSWORD, FK_STUDIENGANG_ID)
values ('2', 'if18b106', '1234', '1');
insert into STUDENT (FK_PERSON_ID, USERNAME, PASSWORD, FK_STUDIENGANG_ID)
values ('3', 'if18b136', '1234', '1');
insert into STUDENT (FK_PERSON_ID, USERNAME, PASSWORD, FK_STUDIENGANG_ID)
values ('4', 'if18b176', '1234', '1');
insert into STUDENT (FK_PERSON_ID, USERNAME, PASSWORD, FK_STUDIENGANG_ID)
values ('11', 'wi17b004', '1234', '2');

------- INSERT LEITET

insert into LEITET (LVA_ID, PERSONAL_ID)
values ('1', '7');
insert into LEITET (LVA_ID, PERSONAL_ID)
values ('2', '8');
insert into LEITET (LVA_ID, PERSONAL_ID)
values ('3', '5');
insert into LEITET (LVA_ID, PERSONAL_ID)
values ('4', '2');
insert into LEITET (LVA_ID, PERSONAL_ID)
values ('5', '9');
insert into LEITET (LVA_ID, PERSONAL_ID)
values ('6', '10');
insert into LEITET (LVA_ID, PERSONAL_ID)
values ('7', '1');
insert into LEITET (LVA_ID, PERSONAL_ID)
values ('8', '11');
insert into LEITET (LVA_ID, PERSONAL_ID)
values ('9', '12');
insert into LEITET (LVA_ID, PERSONAL_ID)
values ('10', '13');
insert into LEITET (LVA_ID, PERSONAL_ID)
values ('11', '14');
insert into LEITET (LVA_ID, PERSONAL_ID)
values ('12', '15');

------- INSERTS LVA_EINHEIT

insert into LVA_EINHEIT (FK_LEKTOR_LVA_ID, BEZEICHNUNG, ANFANG, ENDE)
values ( '1', 'AI-UE', to_date('02.12.2019 11:20:00', 'DD.MM.YYYY HH24:MI:SS'), to_date('02.12.2019 12:50:00','DD.MM.YYYY HH24:MI:SS'));
insert into LVA_EINHEIT (FK_LEKTOR_LVA_ID, BEZEICHNUNG, ANFANG, ENDE)
values ( '3', 'DAS-VO', to_date('03.12.2019 09:40:00', 'DD.MM.YYYY HH24:MI:SS'), to_date('03.12.2019 11:20:00','DD.MM.YYYY HH24:MI:SS'));
insert into LVA_EINHEIT (FK_LEKTOR_LVA_ID, BEZEICHNUNG, ANFANG, ENDE)
values ( '4', 'DBS-UE', to_date('03.12.2019 12:50:00', 'DD.MM.YYYY HH24:MI:SS'), to_date('03.12.2019 14:20:00','DD.MM.YYYY HH24:MI:SS'));

------- INSERT KREUZERL_LISTE

insert into KREUZERL_LISTE (FK_LVA_EINHEIT_ID, ANZAHL_KREUZE)
values ('1', '7');
insert into KREUZERL_LISTE (FK_LVA_EINHEIT_ID, ANZAHL_KREUZE)
values ('3', '8');

------- INSERTS KREUZERL_STUDENT

INSERT INTO KREUZERL_STUDENT (FK_LVA_EINHEIT_ID, FK_STUDENT_ID, NUMMER)
	VALUES (1, 1, 1);
INSERT INTO KREUZERL_STUDENT (FK_LVA_EINHEIT_ID, FK_STUDENT_ID, NUMMER)
	VALUES (1, 1, 2);
INSERT INTO KREUZERL_STUDENT (FK_LVA_EINHEIT_ID, FK_STUDENT_ID, NUMMER)
	VALUES (1, 1, 3);
INSERT INTO KREUZERL_STUDENT (FK_LVA_EINHEIT_ID, FK_STUDENT_ID, NUMMER)
	VALUES (1, 1, 4);
INSERT INTO KREUZERL_STUDENT (FK_LVA_EINHEIT_ID, FK_STUDENT_ID, NUMMER)
	VALUES (1, 1, 5);
INSERT INTO KREUZERL_STUDENT (FK_LVA_EINHEIT_ID, FK_STUDENT_ID, NUMMER)
	VALUES (1, 1, 6);
INSERT INTO KREUZERL_STUDENT (FK_LVA_EINHEIT_ID, FK_STUDENT_ID, NUMMER)
	VALUES (1, 1, 7);


